{
  "info": {
    "_postman_id": "da0fe49f-e424-4b96-8f55-49f7db0583dc",
    "name": "Creed Backend API",
    "schema": "https://schema.getpostman.com/json/collection/v2.1.0/collection.json"
  },
  "item": [
    {
      "name": "/auth",
      "item": [
        {
          "name": "/login",
          "event": [
            {
              "listen": "test",
              "script": {
                "id": "81ebd7f4-cc11-473a-a6b3-85b003f7222b",
                "exec": [
                  "var jsonData = JSON.parse(responseBody);",
                  "",
                  "postman.setEnvironmentVariable(\"token\", jsonData.data);"
                ],
                "type": "text/javascript"
              }
            }
          ],
          "request": {
            "method": "POST",
            "header": [
              {
                "key": "Content-Type",
                "name": "Content-Type",
                "type": "text",
                "value": "application/x-www-form-urlencoded"
              },
              {
                "key": "Accept-Language",
                "value": "{{language}}",
                "type": "text"
              }
            ],
            "body": {
              "mode": "urlencoded",
              "urlencoded": [
                {
                  "key": "email",
                  "value": "admin@admin.com",
                  "type": "text"
                },
                {
                  "key": "password",
                  "value": "pass1",
                  "type": "text"
                }
              ]
            },
            "url": {
              "raw": "{{baseUrl}}/login",
              "host": ["{{baseUrl}}"],
              "path": ["login"]
            }
          },
          "response": []
        },
        {
          "name": "/register",
          "request": {
            "method": "POST",
            "header": [
              {
                "key": "Content-Type",
                "name": "Content-Type",
                "value": "application/x-www-form-urlencoded",
                "type": "text"
              },
              {
                "key": "Accept-Language",
                "value": "{{language}}",
                "type": "text"
              }
            ],
            "body": {
              "mode": "urlencoded",
              "urlencoded": [
                {
                  "key": "email",
                  "value": "admin1@admin.com",
                  "type": "text"
                },
                {
                  "key": "password",
                  "value": "admin",
                  "type": "text"
                },
                {
                  "key": "passwordConfirm",
                  "value": "admin",
                  "type": "text"
                }
              ]
            },
            "url": {
              "raw": "{{baseUrl}}/register",
              "host": ["{{baseUrl}}"],
              "path": ["register"]
            }
          },
          "response": []
        },
        {
          "name": "/change-password",
          "request": {
            "method": "POST",
            "header": [
              {
                "key": "Content-Type",
                "name": "Content-Type",
                "type": "text",
                "value": "application/x-www-form-urlencoded"
              },
              {
                "key": "Authorization",
                "value": "{{token}}",
                "type": "text"
              },
              {
                "key": "Accept-Language",
                "value": "{{language}}",
                "type": "text"
              }
            ],
            "body": {
              "mode": "urlencoded",
              "urlencoded": [
                {
                  "key": "password",
                  "value": "admin",
                  "type": "text"
                },
                {
                  "key": "passwordNew",
                  "value": "admin",
                  "type": "text"
                },
                {
                  "key": "passwordConfirm",
                  "value": "admin",
                  "type": "text"
                }
              ]
            },
            "url": {
              "raw": "{{baseUrl}}/change-password",
              "host": ["{{baseUrl}}"],
              "path": ["change-password"]
            }
          },
          "response": []
        }
      ],
      "protocolProfileBehavior": {}
    },
    {
      "name": "/misc",
      "item": [
        {
          "name": "/change-language",
          "request": {
            "method": "POST",
            "header": [
              {
                "key": "Content-Type",
                "name": "Content-Type",
                "type": "text",
                "value": "application/x-www-form-urlencoded"
              },
              {
                "key": "Accept-Language",
                "type": "text",
                "value": "sl-SI"
              }
            ],
            "body": {
              "mode": "urlencoded",
              "urlencoded": [
                {
                  "key": "language",
                  "value": "sl-SI",
                  "type": "text"
                }
              ]
            },
            "url": {
              "raw": "{{baseUrl}}/misc/change-language",
              "host": ["{{baseUrl}}"],
              "path": ["misc", "change-language"]
            }
          },
          "response": []
        }
      ],
      "protocolProfileBehavior": {}
    },
    {
      "name": "/users",
      "item": [
        {
          "name": "/",
          "protocolProfileBehavior": {
            "disableBodyPruning": true
          },
          "request": {
            "method": "GET",
            "header": [
              {
                "key": "Content-Type",
                "name": "Content-Type",
                "type": "text",
                "value": "application/x-www-form-urlencoded"
              },
              {
                "key": "Accept-Language",
                "type": "text",
                "value": "sl-SI"
              },
              {
                "key": "Authorization",
                "value": "{{token}}",
                "type": "text"
              }
            ],
            "body": {
              "mode": "urlencoded",
              "urlencoded": []
            },
            "url": {
              "raw": "{{baseUrl}}/users",
              "host": ["{{baseUrl}}"],
              "path": ["users"]
            }
          },
          "response": []
        },
        {
          "name": "/:id",
          "protocolProfileBehavior": {
            "disableBodyPruning": true
          },
          "request": {
            "method": "GET",
            "header": [
              {
                "key": "Content-Type",
                "name": "Content-Type",
                "type": "text",
                "value": "application/x-www-form-urlencoded"
              },
              {
                "key": "Accept-Language",
                "type": "text",
                "value": "sl-SI"
              },
              {
                "key": "Authorization",
                "type": "text",
                "value": "{{token}}"
              }
            ],
            "body": {
              "mode": "urlencoded",
              "urlencoded": []
            },
            "url": {
              "raw": "{{baseUrl}}/users/3",
              "host": ["{{baseUrl}}"],
              "path": ["users", "3"]
            }
          },
          "response": []
        },
        {
          "name": "/:id",
          "request": {
            "method": "DELETE",
            "header": [
              {
                "key": "Content-Type",
                "name": "Content-Type",
                "type": "text",
                "value": "application/x-www-form-urlencoded"
              },
              {
                "key": "Accept-Language",
                "type": "text",
                "value": "sl-SI"
              },
              {
                "key": "Authorization",
                "type": "text",
                "value": "{{token}}"
              }
            ],
            "body": {
              "mode": "urlencoded",
              "urlencoded": []
            },
            "url": {
              "raw": "{{baseUrl}}/users/9",
              "host": ["{{baseUrl}}"],
              "path": ["users", "9"]
            }
          },
          "response": []
        },
        {
          "name": "/:id",
          "request": {
            "method": "PATCH",
            "header": [
              {
                "key": "Content-Type",
                "name": "Content-Type",
                "type": "text",
                "value": "application/x-www-form-urlencoded"
              },
              {
                "key": "Accept-Language",
                "type": "text",
                "value": "sl-SI"
              },
              {
                "key": "Authorization",
                "type": "text",
                "value": "{{token}}"
              }
            ],
            "body": {
              "mode": "urlencoded",
              "urlencoded": [
                {
                  "key": "username",
                  "value": "Tyrion1",
                  "type": "text"
                },
                {
                  "key": "name",
                  "value": "test name",
                  "type": "text"
                }
              ]
            },
            "url": {
              "raw": "{{baseUrl}}/users/5",
              "host": ["{{baseUrl}}"],
              "path": ["users", "5"]
            }
          },
          "response": []
        }
      ],
      "protocolProfileBehavior": {}
    }
  ],
  "protocolProfileBehavior": {}
}
